{
  "KAFKA": {
    "service": [],
    "KAFKA_BROKER": [
      {
        "name": "kafka3_broker_process",
        "label": "Kafka3 Broker Process",
        "description": "This host-level alert is triggered if the Kafka3 Broker cannot be determined to be up.",
        "interval": 1,
        "scope": "HOST",
        "source": {
          "type": "PORT",
          "uri": "{{kafka3-broker/listeners}}",
          "default_port": 6667,
          "reporting": {
            "ok": {
              "text": "TCP OK - {0:.3f}s response on port {1}"
            },
            "warning": {
              "text": "TCP OK - {0:.3f}s response on port {1}",
              "value": 1.5
            },
            "critical": {
              "text": "Connection failed: {0} to {1}:{2}",
              "value": 5.0
            }
          }
        }
      }
    ]
  }
}
