{
  "services": [
    {
      "name": "KAFKA3",
      "identities": [
        {
          "name": "kafka_smokeuser",
          "reference": "/smokeuser"
        }
      ],
      "configurations": [
        {
          "kafka3-broker": {
              "authorizer.class.name": "kafka.security.authorizer.AclAuthorizer",
              "principal.to.local.class":"kafka.security.auth.KerberosPrincipalToLocal",
              "super.users": "User:${kafka3-env/kafka_user}",
              "security.inter.broker.protocol": "SASL_PLAINTEXT",
              "zookeeper.set.acl": "true"
          }
        }
      ],
      "auth_to_local_properties" : [
        "kafka3-broker/sasl.kerberos.principal.to.local.rules|comma"
      ],
      "components": [
        {
          "name": "KAFKA3_BROKER",
          "identities": [
            {
              "name": "kafka3_broker",
              "principal": {
                "value": "${kafka3-env/kafka_user}/_HOST@${realm}",
                "type": "service",
                "configuration": "kafka3-env/kafka_principal_name"
              },
              "keytab": {
                "file": "${keytab_dir}/kafka.service.keytab",
                "owner": {
                  "name": "${kafka3-env/kafka_user}",
                  "access": "r"
                },
                "group": {
                  "name": "${cluster-env/user_group}",
                  "access": ""
                },
                "configuration": "kafka3-env/kafka_keytab"
              }
            },
            {
              "name": "kafka_kafka_broker_hdfs",
              "reference": "/HDFS/NAMENODE/hdfs",
              "when" : {
                "contains" : ["services", "HDFS"]
              }
            }
          ]
        }
      ]
    }
  ]
}
