<?xml version="1.0"?>
<?xml-stylesheet type="text/xsl" href="configuration.xsl"?>
<!--
/**
 * Licensed to the Apache Software Foundation (ASF) under one
 * or more contributor license agreements.  See the NOTICE file
 * distributed with this work for additional information
 * regarding copyright ownership.  The ASF licenses this file
 * to you under the Apache License, Version 2.0 (the
 * "License"); you may not use this file except in compliance
 * with the License.  You may obtain a copy of the License at
 *
 *     http://www.apache.org/licenses/LICENSE-2.0
 *
 * Unless required by applicable law or agreed to in writing, software
 * distributed under the License is distributed on an "AS IS" BASIS,
 * WITHOUT WARRANTIES OR CONDITIONS OF ANY KIND, either express or implied.
 * See the License for the specific language governing permissions and
 * limitations under the License.
 */
-->
<configuration xmlns:xi="http://www.w3.org/2001/XInclude" supports_final="true">
  <property>
    <name>log.dirs</name>
    <display-name>Log directories</display-name>
    <value>/kafka3-logs</value>
    <description>
      一个以逗号分隔的列表，包含一个或多个存储Kafka数据的目录。
      创建的每个新分区都将放在当前分区最少的目录中。
    </description>
    <value-attributes>
      <type>directories</type>
    </value-attributes>
    <on-ambari-upgrade add="false"/>
  </property>
  <property>
    <name>port</name>
    <value>6667</value>
    <description>
      服务器接受客户端连接的端口
    </description>
    <value-attributes>
      <type>int</type>
    </value-attributes>
    <on-ambari-upgrade add="false"/>
  </property>
  <property>
    <name>zookeeper.connect</name>
    <value>localhost:2181/kafka3</value>
    <description>
      Zookeeper也允许你添加一个“chroot”路径，让这个集群的所有kafka数据都出现在一个特定的路径下。
      这是一种在同一个zookeeper集群上设置多个Kafka集群或其他应用程序的方法。 为此，在表单中提供一个连接字符串
      hostname1:port1,hostname2:port2,hostname3:port3/chroot/path 谁会把所有这些集群的数据放在路径下 /chroot/path.
      注意，使用者必须使用相同的连接字符串。
    </description>
    <on-ambari-upgrade add="false"/>
  </property>
  <property>
    <name>message.max.bytes</name>
    <value>1000000</value>
    <description>
      服务器可以接收的消息的最大大小。
      重要的是，这个属性要与你的消费者使用的最大获取大小同步，否则一个不守规则的生产者将能够发布太大的消息，消费者无法使用。
    </description>
    <on-ambari-upgrade add="false"/>
  </property>
  <property>
    <name>num.network.threads</name>
    <value>3</value>
    <description>
      服务器用于处理网络请求的网络线程数
    </description>
    <on-ambari-upgrade add="false"/>
  </property>
  <property>
    <name>num.io.threads</name>
    <value>8</value>
    <description>
      服务器用于执行请求的I/O线程数。您至少应该拥有与磁盘相同的线程数。
    </description>
    <on-ambari-upgrade add="false"/>
  </property>
  <property>
    <name>queued.max.requests</name>
    <value>500</value>
    <description>在网络线程停止读取新请求之前，I/O线程可以排队处理的请求数。</description>
    <on-ambari-upgrade add="false"/>
  </property>
  <property>
    <name>socket.send.buffer.bytes</name>
    <value>102400</value>
    <description>
      服务器用于套接字连接的SO_SNDBUFF缓冲区
    </description>
    <on-ambari-upgrade add="false"/>
  </property>
  <property>
    <name>socket.receive.buffer.bytes</name>
    <value>102400</value>
    <description>
      服务器首选的套接字连接的SO_RCVBUFF缓冲区
    </description>
    <on-ambari-upgrade add="false"/>
  </property>
  <property>
    <name>socket.request.max.bytes</name>
    <value>104857600</value>
    <description>
      服务器允许的最大请求大小。这可以防止服务器耗尽内存，并且应该小于Java堆大小。
    </description>
    <on-ambari-upgrade add="false"/>
  </property>
  <property>
    <name>num.partitions</name>
    <value>1</value>
    <description>
        每个主题的默认分区数
    </description>
    <on-ambari-upgrade add="false"/>
  </property>
  <property>
    <name>log.segment.bytes</name>
    <value>1073741824</value>
    <description>
      服务器允许的最大请求大小。
      这可以防止服务器耗尽内存，并且应该小于Java堆大小。
    </description>
    <on-ambari-upgrade add="false"/>
  </property>
  <property>
    <name>log.roll.hours</name>
    <value>168</value>
    <description>
      这个设置将迫使Kafka滚动一个新的日志段，即使没有达到log.segment.bytes大小
    </description>
    <on-ambari-upgrade add="false"/>
  </property>
  <property>
    <name>log.retention.bytes</name>
    <value>-1</value>
    <description>
      每个主题分区在日志中保留的数据量。注意，这是每个分区的限制，因此乘以分区的数量，就可以得到为主题保留的总数据。还要注意，如果log.retention.hours和log.retention.bytes都设置了，则当其中一个限制超过时，将删除一个段。
    </description>
    <on-ambari-upgrade add="false"/>
  </property>
  <property>
    <name>log.retention.hours</name>
    <value>168</value>
    <description>
      日志段删除前保留的小时数，即所有主题的默认数据保留窗口。请注意，如果log.retention.hours和log.retention.bytes都设置了，则当超过其中任何一个限制时，将删除一个段。
    </description>
    <on-ambari-upgrade add="false"/>
  </property>
  <property>
    <name>log.cleanup.interval.mins</name>
    <value>10</value>
    <description>日志清洁器检查是否有符合保留策略的日志段可以删除的频率(以分钟为单位)
    </description>
    <deleted>true</deleted>
    <on-ambari-upgrade add="false"/>
  </property>
  <property>
    <name>log.retention.check.interval.ms</name>
    <value>600000</value>
    <description>
      日志清理器检查日志段是否符合保留策略的删除条件的频率(以毫秒为单位)
    </description>
    <on-ambari-upgrade add="false"/>
  </property>
  <property>
    <name>log.index.size.max.bytes</name>
    <value>10485760</value>
    <description>
      每个日志段允许的偏移量索引的最大字节数。
      请注意，我们总是会预先分配一个稀疏文件，并在日志滚动时将其缩小。如果索引已满，我们将滚动一个新的日志段，即使我们还没有达到log.segment.bytes限制。
    </description>
    <on-ambari-upgrade add="false"/>
  </property>
  <property>
    <name>log.index.interval.bytes</name>
    <value>4096</value>
    <description>
      向偏移量索引添加一个条目的字节间隔。
      当执行一个获取请求时，服务器必须做一个线性扫描，最多扫描这么多字节，以在日志中找到开始和结束获取的正确位置。
      因此，将这个值设置得更大将意味着更大的索引文件(和更多的内存使用)，但更少的扫描。
      然而，服务器永远不会在每个日志追加添加一个以上的索引条目(即使追加了超过log.index.interval值的消息)。一般来说，你可能不需要对这个值进行修改。
    </description>
    <on-ambari-upgrade add="false"/>
  </property>
  <property>
    <name>auto.create.topics.enable</name>
    <value>true</value>
    <description>
      在服务器上启用自动创建主题。
      如果设置为true，则尝试为不存在的主题生成、使用或获取元数据时，将使用默认的复制因子和分区数自动创建该主题。
    </description>
    <on-ambari-upgrade add="false"/>
  </property>
  <property>
    <name>controller.socket.timeout.ms</name>
    <value>30000</value>
    <description>从分区管理控制器到副本的命令的套接字超时</description>
    <on-ambari-upgrade add="false"/>
  </property>
  <property>
    <name>controller.message.queue.size</name>
    <value>10</value>
    <description>控制器到代理通道的缓冲区大小</description>
    <on-ambari-upgrade add="false"/>
  </property>
  <property>
    <name>default.replication.factor</name>
    <value>1</value>
    <description>自动创建的主题的默认复制因子</description>
    <on-ambari-upgrade add="false"/>
  </property>
  <property>
    <name>replica.lag.time.max.ms</name>
    <value>10000</value>
    <description>如果一个follower在这段时间内没有发送任何fetch请求，leader将从ISR(同步副本)中移除follower，并将其视为死亡。</description>
    <on-ambari-upgrade add="false"/>
  </property>
  <property>
    <name>replica.lag.max.messages</name>
    <value>4000</value>
    <description>
      如果一个副本落在leader后面的消息超过这个数量，leader将从ISR中移除follower，并将其视为死亡。
    </description>
    <on-ambari-upgrade add="false"/>
  </property>
  <property>
    <name>replica.socket.timeout.ms</name>
    <value>30000</value>
    <description>向领导复制数据的网络请求的套接字超时</description>
    <on-ambari-upgrade add="false"/>
  </property>
  <property>
    <name>replica.socket.receive.buffer.bytes</name>
    <value>65536</value>
    <description>套接字接收缓冲区，用于向leader复制数据的网络请求</description>
    <on-ambari-upgrade add="false"/>
  </property>
  <property>
    <name>replica.fetch.max.bytes</name>
    <value>1048576</value>
    <description>在获取请求中，副本发送给leader，试图获取每个分区的byes消息的数量</description>
    <on-ambari-upgrade add="false"/>
  </property>
  <property>
    <name>replica.fetch.wait.max.ms</name>
    <value>500</value>
    <description>在副本发送给leader的获取请求中，等待数据到达leader的最大时间</description>
    <on-ambari-upgrade add="false"/>
  </property>
  <property>
    <name>replica.fetch.min.bytes</name>
    <value>1</value>
    <description>对于从副本到leader的fetch请求，每个fetch响应所需的最小字节数。如果没有足够的字节，等待copy .fetch.wait.max.ms来接收这么多字节。
    </description>
    <on-ambari-upgrade add="false"/>
  </property>
  <property>
    <name>num.replica.fetchers</name>
    <value>1</value>
    <description>
      用于从leader复制消息的线程数。增加这个值可以增加跟随器代理中的I/O并行度。
    </description>
    <on-ambari-upgrade add="false"/>
  </property>
  <property>
    <name>replica.high.watermark.checkpoint.interval.ms</name>
    <value>5000</value>
    <description>每个副本将其高水位保存到磁盘以处理恢复的频率</description>
    <on-ambari-upgrade add="false"/>
  </property>
  <property>
    <name>fetch.purgatory.purge.interval.requests</name>
    <value>10000</value>
    <description>获取请求炼狱的清除间隔（以请求数为单位）</description>
    <on-ambari-upgrade add="false"/>
  </property>
  <property>
    <name>producer.purgatory.purge.interval.requests</name>
    <value>10000</value>
    <description>生产者请求炼狱的清除间隔(请求数)。</description>
    <on-ambari-upgrade add="false"/>
  </property>
  <property>
    <name>zookeeper.session.timeout.ms</name>
    <value>30000</value>
    <description>Zookeeper会话超时.
      如果服务器在这段时间内未能向zookeeper心跳，则认为服务器已死亡。
      如果你设置的太低，服务器可能会被错误地认为是死亡的;如果设置得太高，可能需要很长时间才能识别出真正失效的服务器。</description>
    <on-ambari-upgrade add="false"/>
  </property>
  <property>
    <name>zookeeper.connection.timeout.ms</name>
    <value>25000</value>
    <description>客户端等待与zookeeper建立连接的最长时间。</description>
    <on-ambari-upgrade add="false"/>
  </property>
  <property>
    <name>zookeeper.sync.time.ms</name>
    <value>2000</value>
    <description>一个ZK追随者可以在ZK leader后面走多远。</description>
    <on-ambari-upgrade add="false"/>
  </property>
  <property>
    <name>controlled.shutdown.max.retries</name>
    <value>3</value>
    <description>在执行不清洁关机之前，成功完成受控关机的重试次数。</description>
    <on-ambari-upgrade add="false"/>
  </property>
  <property>
    <name>controlled.shutdown.retry.backoff.ms</name>
    <value>5000</value>
    <description>关机重试之间的回退时间。</description>
    <on-ambari-upgrade add="false"/>
  </property>
  <property>
    <name>listeners</name>
    <value>PLAINTEXT://localhost:6667</value>
    <description>kafka代理接受连接的主机和端口。
Localhost将被hostname替换。这个属性由Ambari管理，每个用户定义的监听器都需要放置到 raw.listeners 属性中。
    </description>
    <on-ambari-upgrade add="false"/>
  </property>
  <property>
    <name>raw.listeners</name>
    <value></value>
    <value-attributes>
      <empty-value-valid>true</empty-value-valid>
    </value-attributes>
    <description>用户定义的监听器，Ambari不会更改。此属性的值将与ambari管理的侦听器合并。</description>
    <on-ambari-upgrade add="false"/>
  </property>
  <property>
    <name>controlled.shutdown.enable</name>
    <value>true</value>
    <description>启用代理的受控关闭。如果启用，代理将在关闭自己之前将其上的所有leader移动到其他一些代理上。这减少了关机期间的不可用窗口。</description>
    <on-ambari-upgrade add="false"/>
  </property>
  <property>
    <name>auto.leader.rebalance.enable</name>
    <value>true</value>
    <description>启用自动leader平衡。
一个后台线程检查和触发leader平衡，如果需要在定期的间隔
    </description>
    <on-ambari-upgrade add="false"/>
  </property>
  <property>
    <name>num.recovery.threads.per.data.dir</name>
    <value>1</value>
    <description>在启动时用于日志恢复和在关闭时刷新的每个数据目录的线程数</description>
    <on-ambari-upgrade add="false"/>
  </property>
  <property>
    <name>min.insync.replicas</name>
    <value>1</value>
    <description>定义ISR中满足生产请求所需的最小副本数量。ack = 1(或者全部)</description>
    <on-ambari-upgrade add="false"/>
  </property>
  <property>
    <name>leader.imbalance.per.broker.percentage</name>
    <value>10</value>
    <description>每个经纪人允许的领导不平衡比率。
如果每个broker超过这个值，控制器将触发leader余额。取值为百分比。</description>
    <on-ambari-upgrade add="false"/>
  </property>
  <property>
    <name>leader.imbalance.check.interval.seconds</name>
    <value>300</value>
    <description>分区再平衡检查由控制器触发的频率</description>
    <on-ambari-upgrade add="false"/>
  </property>
  <property>
    <name>offset.metadata.max.bytes</name>
    <value>4096</value>
    <description>与偏移量提交相关联的元数据项的最大大小</description>
    <on-ambari-upgrade add="false"/>
  </property>
  <property>
    <name>offsets.load.buffer.size</name>
    <value>5242880</value>
    <description>当将偏移量加载到缓存时，从偏移量段读取的批处理大小。</description>
    <on-ambari-upgrade add="false"/>
  </property>
  <property>
    <name>offsets.topic.replication.factor</name>
    <value>3</value>
    <description>偏移主题的复制因子(设置较高以确保可用性)。
为了确保偏移主题的有效复制因子为配置值，事件发生时,活动代理的数量必须至少为复制因子,第一次请求偏移主题。
如果不是，则偏移主题创建将失败，或者将获得最小的复制因子(活动代理、已配置的复制因子)。
    </description>
    <on-ambari-upgrade add="false"/>
  </property>
  <property>
    <name>offsets.topic.num.partitions</name>
    <value>50</value>
    <description>偏移提交主题的分区数(在部署后不应该更改)</description>
    <on-ambari-upgrade add="false"/>
  </property>
  <property>
    <name>offsets.topic.segment.bytes</name>
    <value>104857600</value>
    <description>偏移主题段字节应该保持相对较小，以促进更快的日志压缩和缓存负载</description>
    <on-ambari-upgrade add="false"/>
  </property>
  <property>
    <name>offsets.topic.compression.codec</name>
    <value>0</value>
    <description>偏移量主题的压缩编解码器-压缩可以用来实现“原子”提交。默认是NoCompression。对于Gzip增加值1,SnappyCompression增加值2,LZ4CompressionCodec 3。</description>
    <on-ambari-upgrade add="false"/>
  </property>
  <property>
    <name>offsets.retention.minutes</name>
    <value>86400000</value>
    <description>以分钟为单位的偏移量主题的日志保留窗口</description>
    <on-ambari-upgrade add="false"/>
  </property>
  <property>
    <name>offsets.retention.check.interval.ms</name>
    <value>600000</value>
    <description>检查过期偏移的频率</description>
    <on-ambari-upgrade add="false"/>
  </property>
  <property>
    <name>offsets.commit.timeout.ms</name>
    <value>5000</value>
    <description>偏移量提交将被延迟，直到偏移量主题的所有副本收到提交或达到此超时。这类似于生产者请求超时。</description>
    <on-ambari-upgrade add="false"/>
  </property>
  <property>
    <name>offsets.commit.required.acks</name>
    <value>-1</value>
    <description>提交被接受之前需要的ack。通常，默认值(-1)不应该被重写</description>
    <on-ambari-upgrade add="false"/>
  </property>
  <property>
    <name>delete.topic.enable</name>
    <value>true</value>
    <description>允许删除主题。如果这个配置被关闭，通过管理工具删除主题将没有效果</description>
    <on-ambari-upgrade add="false"/>
  </property>
  <property>
    <name>compression.type</name>
    <description>指定给定主题的最终压缩类型。
这个配置接受标准的压缩编解码器(gzip,snappy,lz4)。
它还接受'uncompressed'，这相当于没有压缩;"制作人"的意思是保留由制作人设置的原始压缩编解码器。</description>
    <value>producer</value>
    <on-ambari-upgrade add="false"/>
  </property>
  <property>
    <name>sasl.enabled.mechanisms</name>
    <value>GSSAPI</value>
    <description>Kafka服务器中启用的SASL机制列表。
该列表可以包含可用安全提供者的任何机制。默认只启用GSSAPI。</description>
    <on-ambari-upgrade add="true"/>
  </property>
  <property>
    <name>security.inter.broker.protocol</name>
    <value>PLAINTEXT</value>
    <description>用于broker之间通信的安全协议。
PLAINTEXT, SSL, SASL_PLAINTEXT, SASL_SSL.同时设置this和inter.broker.listener.name属性是错误的。</description>
    <on-ambari-upgrade add="true"/>
  </property>
  <property>
    <name>sasl.mechanism.inter.broker.protocol</name>
    <value>GSSAPI</value>
    <description>用于代理间通信的SASL机制。默认是GSSAPI。</description>
    <on-ambari-upgrade add="true"/>
  </property>
  <property>
    <name>ssl.client.auth</name>
    <value>none</value>
    <description>配置kafka代理请求客户端身份验证。</description>
    <on-ambari-upgrade add="true"/>
  </property>
  <property>
    <name>ssl.key.password</name>
    <value/>
    <description>密钥存储文件中的私钥密码</description>
    <value-attributes>
      <empty-value-valid>true</empty-value-valid>
      <type>password</type>
    </value-attributes>
    <on-ambari-upgrade add="true"/>
  </property>
  <property>
    <name>ssl.keystore.location</name>
    <value/>
    <description>密钥存储文件的位置</description>
    <value-attributes>
      <empty-value-valid>true</empty-value-valid>
    </value-attributes>
    <on-ambari-upgrade add="true"/>
  </property>
  <property>
    <name>ssl.keystore.password</name>
    <value/>
    <description>密钥存储文件的存储密码</description>
    <value-attributes>
      <empty-value-valid>true</empty-value-valid>
      <type>password</type>
    </value-attributes>
    <on-ambari-upgrade add="true"/>
  </property>
  <property>
    <name>ssl.truststore.location</name>
    <value/>
    <description>信任存储区文件的位置</description>
    <value-attributes>
      <empty-value-valid>true</empty-value-valid>
    </value-attributes>
    <on-ambari-upgrade add="true"/>
  </property>
  <property>
    <name>ssl.truststore.password</name>
    <value/>
    <description>信任存储区文件的密码.
如果没有设置密码，则仍然可以访问信任存储库，但禁用完整性检查</description>
    <value-attributes>
      <empty-value-valid>true</empty-value-valid>
      <type>password</type>
    </value-attributes>
    <on-ambari-upgrade add="true"/>
  </property>
</configuration>
