<?xml version="1.0"?>
<?xml-stylesheet type="text/xsl" href="configuration.xsl"?>
<!--
/**
 * Licensed to the Apache Software Foundation (ASF) under one
 * or more contributor license agreements.  See the NOTICE file
 * distributed with this work for additional information
 * regarding copyright ownership.  The ASF licenses this file
 * to you under the Apache License, Version 2.0 (the
 * "License"); you may not use this file except in compliance
 * with the License.  You may obtain a copy of the License at
 *
 *     http://www.apache.org/licenses/LICENSE-2.0
 *
 * Unless required by applicable law or agreed to in writing, software
 * distributed under the License is distributed on an "AS IS" BASIS,
 * WITHOUT WARRANTIES OR CONDITIONS OF ANY KIND, either express or implied.
 * See the License for the specific language governing permissions and
 * limitations under the License.
 */
-->
<configuration supports_final="false" supports_adding_forbidden="false">
   <property>
    <name>kafka_log_maxfilesize</name>
    <value>256</value>
    <description>滚动日志前备份文件的最大大小</description>
    <display-name>Kafka Log: backup file size</display-name>
    <value-attributes>
      <unit>MB</unit>
    </value-attributes>
    <on-ambari-upgrade add="false"/>
  </property>
  <property>
    <name>kafka_log_maxbackupindex</name>
    <value>20</value>
    <description>备份文件个数</description>
    <display-name>Kafka Log: # of backup files</display-name>
    <value-attributes>
      <type>int</type>
      <minimum>0</minimum>
    </value-attributes>
    <on-ambari-upgrade add="false"/>
  </property>
  <property>
    <name>controller_log_maxfilesize</name>
    <value>256</value>
    <description>滚动日志前备份文件的最大大小</description>
    <display-name>Kafka Controller Log: backup file size</display-name>
    <value-attributes>
      <unit>MB</unit>
    </value-attributes>
    <on-ambari-upgrade add="false"/>
  </property>
  <property>
    <name>controller_log_maxbackupindex</name>
    <value>20</value>
    <description>备份文件个数</description>
    <display-name>Kafka Controller Log: # of backup files</display-name>
    <value-attributes>
      <type>int</type>
      <minimum>0</minimum>
    </value-attributes>
    <on-ambari-upgrade add="false"/>
  </property>
  <property>
    <name>content</name>
    <display-name>kafka3-log4j template</display-name>
    <description>Custom log4j.properties</description>
    <value>
#
#
# Licensed to the Apache Software Foundation (ASF) under one
# or more contributor license agreements.  See the NOTICE file
# distributed with this work for additional information
# regarding copyright ownership.  The ASF licenses this file
# to you under the Apache License, Version 2.0 (the
# "License"); you may not use this file except in compliance
# with the License.  You may obtain a copy of the License at
#
#   http://www.apache.org/licenses/LICENSE-2.0
#
# Unless required by applicable law or agreed to in writing,
# software distributed under the License is distributed on an
# "AS IS" BASIS, WITHOUT WARRANTIES OR CONDITIONS OF ANY
# KIND, either express or implied.  See the License for the
# specific language governing permissions and limitations
# under the License.
#
#
#
kafka.logs.dir=logs

log4j.rootLogger=INFO, stdout

log4j.appender.stdout=org.apache.log4j.ConsoleAppender
log4j.appender.stdout.layout=org.apache.log4j.PatternLayout
log4j.appender.stdout.layout.ConversionPattern=[%d{ISO8601}] %p %m (%c)%n

log4j.appender.kafkaAppender=org.apache.log4j.DailyRollingFileAppender
log4j.appender.kafkaAppender.DatePattern='.'yyyy-MM-dd-HH
log4j.appender.kafkaAppender.File=${kafka.logs.dir}/server.log
log4j.appender.kafkaAppender.layout=org.apache.log4j.PatternLayout
log4j.appender.kafkaAppender.layout.ConversionPattern=[%d{ISO8601}] %p %m (%c)%n
log4j.appender.kafkaAppender.MaxFileSize = {{kafka_log_maxfilesize}}MB
log4j.appender.kafkaAppender.MaxBackupIndex = {{kafka_log_maxbackupindex}}

log4j.appender.stateChangeAppender=org.apache.log4j.DailyRollingFileAppender
log4j.appender.stateChangeAppender.DatePattern='.'yyyy-MM-dd-HH
log4j.appender.stateChangeAppender.File=${kafka.logs.dir}/state-change.log
log4j.appender.stateChangeAppender.layout=org.apache.log4j.PatternLayout
log4j.appender.stateChangeAppender.layout.ConversionPattern=[%d{ISO8601}] %p %m (%c)%n

log4j.appender.requestAppender=org.apache.log4j.DailyRollingFileAppender
log4j.appender.requestAppender.DatePattern='.'yyyy-MM-dd-HH
log4j.appender.requestAppender.File=${kafka.logs.dir}/kafka-request.log
log4j.appender.requestAppender.layout=org.apache.log4j.PatternLayout
log4j.appender.requestAppender.layout.ConversionPattern=[%d{ISO8601}] %p %m (%c)%n

log4j.appender.cleanerAppender=org.apache.log4j.DailyRollingFileAppender
log4j.appender.cleanerAppender.DatePattern='.'yyyy-MM-dd-HH
log4j.appender.cleanerAppender.File=${kafka.logs.dir}/log-cleaner.log
log4j.appender.cleanerAppender.layout=org.apache.log4j.PatternLayout
log4j.appender.cleanerAppender.layout.ConversionPattern=[%d{ISO8601}] %p %m (%c)%n

log4j.appender.controllerAppender=org.apache.log4j.DailyRollingFileAppender
log4j.appender.controllerAppender.DatePattern='.'yyyy-MM-dd-HH
log4j.appender.controllerAppender.File=${kafka.logs.dir}/controller.log
log4j.appender.controllerAppender.layout=org.apache.log4j.PatternLayout
log4j.appender.controllerAppender.layout.ConversionPattern=[%d{ISO8601}] %p %m (%c)%n
log4j.appender.controllerAppender.MaxFileSize = {{controller_log_maxfilesize}}MB
log4j.appender.controllerAppender.MaxBackupIndex = {{controller_log_maxbackupindex}}
# Turn on all our debugging info
#log4j.logger.kafka.producer.async.DefaultEventHandler=DEBUG, kafkaAppender
#log4j.logger.kafka.client.ClientUtils=DEBUG, kafkaAppender
#log4j.logger.kafka.perf=DEBUG, kafkaAppender
#log4j.logger.kafka.perf.ProducerPerformance$ProducerThread=DEBUG, kafkaAppender
#log4j.logger.org.I0Itec.zkclient.ZkClient=DEBUG
log4j.logger.kafka=INFO, kafkaAppender
log4j.logger.kafka.network.RequestChannel$=WARN, requestAppender
log4j.additivity.kafka.network.RequestChannel$=false

#log4j.logger.kafka.network.Processor=TRACE, requestAppender
#log4j.logger.kafka.server.KafkaApis=TRACE, requestAppender
#log4j.additivity.kafka.server.KafkaApis=false
log4j.logger.kafka.request.logger=WARN, requestAppender
log4j.additivity.kafka.request.logger=false

log4j.logger.kafka.controller=TRACE, controllerAppender
log4j.additivity.kafka.controller=false

log4j.logger.kafka.log.LogCleaner=INFO, cleanerAppender
log4j.additivity.kafka.log.LogCleaner=false

log4j.logger.state.change.logger=TRACE, stateChangeAppender
log4j.additivity.state.change.logger=false

   </value>
    <value-attributes>
      <type>content</type>
      <show-property-name>false</show-property-name>
    </value-attributes>
    <on-ambari-upgrade add="false"/>
  </property>
</configuration>
