<?xml version="1.0"?>
<?xml-stylesheet type="text/xsl" href="configuration.xsl"?>
<!--
/**
 * Licensed to the Apache Software Foundation (ASF) under one
 * or more contributor license agreements.  See the NOTICE file
 * distributed with this work for additional information
 * regarding copyright ownership.  The ASF licenses this file
 * to you under the Apache License, Version 2.0 (the
 * "License"); you may not use this file except in compliance
 * with the License.  You may obtain a copy of the License at
 *
 *     http://www.apache.org/licenses/LICENSE-2.0
 *
 * Unless required by applicable law or agreed to in writing, software
 * distributed under the License is distributed on an "AS IS" BASIS,
 * WITHOUT WARRANTIES OR CONDITIONS OF ANY KIND, either express or implied.
 * See the License for the specific language governing permissions and
 * limitations under the License.
 */
-->
<configuration supports_adding_forbidden="true">
  <property>
    <name>shard_replica_relation</name>
    <value>
&lt;shard&gt;
  &lt;weight&gt;1&lt;/weight&gt;
  &lt;internal_replication&gt;true&lt;/internal_replication&gt;
  &lt;replica&gt;
	  &lt;host&gt;clickHouse101&lt;/host&gt;
	  &lt;port&gt;9000&lt;/port&gt;
      &lt;user&gt;default&lt;/user&gt;
      &lt;password&gt;123456&lt;/password&gt;
  &lt;/replica&gt;
&lt;/shard&gt;
&lt;shard&gt;
  &lt;weight&gt;1&lt;/weight&gt;
  &lt;internal_replication&gt;true&lt;/internal_replication&gt;
  &lt;replica&gt;
	  &lt;host&gt;clickHouse102&lt;/host&gt;
	  &lt;port&gt;9000&lt;/port&gt;
      &lt;user&gt;default&lt;/user&gt;
      &lt;password&gt;123456&lt;/password&gt;
  &lt;/replica&gt;
&lt;/shard&gt;
&lt;shard&gt;
  &lt;weight&gt;1&lt;/weight&gt;
  &lt;internal_replication&gt;true&lt;/internal_replication&gt;
  &lt;replica&gt;
	  &lt;host&gt;clickHouse103&lt;/host&gt;
	  &lt;port&gt;9000&lt;/port&gt;
      &lt;user&gt;default&lt;/user&gt;
      &lt;password&gt;123456&lt;/password&gt;
  &lt;/replica&gt;
&lt;/shard&gt;
    </value>
    <description>shard(分片) 与 replica(副本) 的关系</description>
    <value-attributes>
      <type>content</type>
    </value-attributes>
  </property>

</configuration>
