<?xml version="1.0"?>
<?xml-stylesheet type="text/xsl" href="configuration.xsl"?>
<!--
/**
 * Licensed to the Apache Software Foundation (ASF) under one
 * or more contributor license agreements.  See the NOTICE file
 * distributed with this work for additional information
 * regarding copyright ownership.  The ASF licenses this file
 * to you under the Apache License, Version 2.0 (the
 * "License"); you may not use this file except in compliance
 * with the License.  You may obtain a copy of the License at
 *
 *     http://www.apache.org/licenses/LICENSE-2.0
 *
 * Unless required by applicable law or agreed to in writing, software
 * distributed under the License is distributed on an "AS IS" BASIS,
 * WITHOUT WARRANTIES OR CONDITIONS OF ANY KIND, either express or implied.
 * See the License for the specific language governing permissions and
 * limitations under the License.
 */
-->
<configuration supports_adding_forbidden="true">
  <property>
    <name>sclickhouse_web_package_name</name>
    <value>sclickhouse-web.tar.gz</value>
    <description>Sclickhouse WEB TAR压缩包</description>
  </property>
  <property>
    <name>sclickhouse_web_install_dir</name>
    <value>/usr/hdp/3.1.5.0-152/sclickhouse</value>
    <description>Sclickhouse WEB 安装目录</description>
    <value-attributes>
      <type>directory</type>
      <overridable>false</overridable>
      <editable-only-at-install>true</editable-only-at-install>
    </value-attributes>
    <on-ambari-upgrade add="true"/>
  </property>
  <property>
    <name>sclickhouse_web_log_dir</name>
    <value>/var/log/clickhouse-web-nginx</value>
    <description>Sclickhouse WEB 日志目录</description>
  </property>

  <property>
    <name>sclickhouse_web_pid_dir</name>
    <value>/var/run/clickhouse-web-nginx</value>
    <display-name>SclickHouse WEB PID 目录</display-name>
    <description/>
    <on-ambari-upgrade add="false"/>
  </property>
  <property>
    <name>sclickhouse_web_pid_file_name</name>
    <value>clickhouse-web-nginx.pid</value>
    <display-name>SclickHouse WEB PID 文件名</display-name>
    <description/>
    <on-ambari-upgrade add="false"/>
  </property>
</configuration>
