<?xml version="1.0"?>
<?xml-stylesheet type="text/xsl" href="configuration.xsl"?>

<configuration>
    <property>
        <name>sclickhouse_user</name>
        <value>clickhouse</value>
        <property-type>user</property-type>
        <description>sclickhouse user</description>
    </property>
    <property>
        <name>sclickhouse_group</name>
        <value>clickhouse</value>
        <property-type>group</property-type>
        <description>sclickhouse user group</description>
    </property>
</configuration>