<?xml version="1.0"?>
<!--
   Licensed to the Apache Software Foundation (ASF) under one or more
   contributor license agreements.  See the NOTICE file distributed with
   this work for additional information regarding copyright ownership.
   The ASF licenses this file to You under the Apache License, Version 2.0
   (the "License"); you may not use this file except in compliance with
   the License.  You may obtain a copy of the License at

       http://www.apache.org/licenses/LICENSE-2.0

   Unless required by applicable law or agreed to in writing, software
   distributed under the License is distributed on an "AS IS" BASIS,
   WITHOUT WARRANTIES OR CONDITIONS OF ANY KIND, either express or implied.
   See the License for the specific language governing permissions and
   limitations under the License.
-->
<metainfo>
    <schemaVersion>2.0</schemaVersion>
    <services>
        <service>
            <name>SCLICKHOUSE</name>
            <displayName>SclickHouse</displayName>
            <comment>海盒分析型数据库管理系统（简称SclickHouse）是一个用于联机分析(OLAP)的列式数据库管理系统(DBMS)</comment>
            <version>1.0.1</version>
            <components>
                <component>
                    <name>SCLICKHOUSE_SERVER</name>
                    <displayName>SclickHouse Server</displayName>
                    <category>MASTER</category>
                    <cardinality>1+</cardinality>
                    <versionAdvertised>true</versionAdvertised>
                    <rollingRestartSupported>true</rollingRestartSupported>
                    <commandScript>
                        <script>scripts/sclickhouse_master.py</script>
                        <scriptType>PYTHON</scriptType>
                        <timeout>10000</timeout>
                    </commandScript>
                </component>
                <component>
                    <name>SCLICKHOUSE_WEB</name>
                    <displayName>SclickHouse WEB</displayName>
                    <category>MASTER</category>
                    <cardinality>1+</cardinality>
                    <versionAdvertised>true</versionAdvertised>
                    <rollingRestartSupported>true</rollingRestartSupported>
                    <commandScript>
                        <script>scripts/sclickhouse_web.py</script>
                        <scriptType>PYTHON</scriptType>
                        <timeout>10000</timeout>
                    </commandScript>
                </component>
            </components>
            <osSpecifics>
              <osSpecific>
                <osFamily>any</osFamily>
                <packages>
                   <package><name>wget</name></package>
                   <package><name>gzip</name></package>
                </packages>
              </osSpecific>
            </osSpecifics>
            <configuration-dependencies>
                <config-type>install-info</config-type>
                <config-type>config</config-type>
                <config-type>metrika</config-type>
                <config-type>sclickhouse-env</config-type>
            </configuration-dependencies>
            <restartRequiredAfterChange>true</restartRequiredAfterChange>
            <restartRequiredAfterRackChange>true</restartRequiredAfterRackChange>
        </service>
    </services>
</metainfo>
