{
  "name": "directories",
  "description": "Directories theme for KAFKA3 service",
  "configuration": {
    "layouts": [
      {
        "name": "directories",
        "tabs": [
          {
            "name": "directories",
            "display-name": "Directories",
            "layout": {
              "tab-columns": "1",
              "tab-rows": "4",
              "sections": [
                {
                  "name": "subsection-log-dirs",
                  "display-name": "LOG DIRS",
                  "row-index": "1",
                  "column-index": "0",
                  "row-span": "1",
                  "column-span": "1",
                  "section-columns": "1",
                  "section-rows": "1",
                  "subsections": [
                    {
                      "name": "subsection-log-dirs",
                      "row-index": "0",
                      "column-index": "0",
                      "row-span": "1",
                      "column-span": "1"
                    }
                  ]
                },
                {
                  "name": "subsection-pid-dirs",
                  "display-name": "PID DIRS",
                  "row-index": "2",
                  "column-index": "0",
                  "row-span": "1",
                  "column-span": "1",
                  "section-columns": "1",
                  "section-rows": "1",
                  "subsections": [
                    {
                      "name": "subsection-pid-dirs",
                      "row-index": "0",
                      "column-index": "0",
                      "row-span": "1",
                      "column-span": "1"
                    }
                  ]
                }
              ]
            }
          }
        ]
      }
    ],
    "placement": {
      "configuration-layout": "default",
      "configs": [
        {
          "config": "kafka3-broker/log.dirs",
          "subsection-name": "subsection-log-dirs"
        },
        {
          "config": "kafka3-env/kafka_log_dir",
          "subsection-name": "subsection-log-dirs"
        },
        {
          "config": "kafka3-env/kafka_pid_dir",
          "subsection-name": "subsection-pid-dirs"
        }
      ]
    },
    "widgets": [
      {
        "config": "kafka3-broker/log.dirs",
        "widget": {
          "type": "directories"
        }
      },
      {
        "config": "kafka3-env/kafka_log_dir",
        "widget": {
          "type": "text-field"
        }
      },
      {
        "config": "kafka3-env/kafka_pid_dir",
        "widget": {
          "type": "text-field"
        }
      }
    ]
  }
}